{
    "rmse": 0.8053516651667708,
    "mae": 0.518989282414112,
    "r2": 0.007520291849884453
}