{
    "rmse": 0.8050869519515229,
    "mae": 0.5229198550649272,
    "r2": 0.008172626298276975
}