{
    "rmse": 0.8050018977046257,
    "mae": 0.5243109794233769,
    "r2": 0.00838218049366879
}